{
  "success": true,
  "terms": "https:\/\/currencylayer.com\/terms",
  "privacy": "https:\/\/currencylayer.com\/privacy",
  "timestamp": 1650701523,
  "source": "USD",
  "quotes": {
    "USDAED": 3.673104,
    "USDAFN": 86.503991,
    "USDALL": 111.103989,
    "USDAMD": 467.280403,
    "USDANG": 1.801188,
    "USDAOA": 404.158041,
    "USDARS": 114.272855,
    "USDAUD": 1.380235,
    "USDAWG": 1.8005,
    "USDAZN": 1.70397,
    "USDBAM": 1.80718,
    "USDBBD": 2.017871,
    "USDBDT": 86.174438,
    "USDBGN": 1.81081,
    "USDBHD": 0.377224,
    "USDBIF": 2014,
    "USDBMD": 1,
    "USDBND": 1.365144,
    "USDBOB": 6.870905,
    "USDBRL": 4.796678,
    "USDBSD": 0.999418,
    "USDBTC": 2.5260464e-5,
    "USDBTN": 76.306296,
    "USDBWP": 11.883703,
    "USDBYN": 3.360483,
    "USDBYR": 19600,
    "USDBZD": 2.014507,
    "USDCAD": 1.271504,
    "USDCDF": 2012.000362,
    "USDCHF": 0.957491,
    "USDCLF": 0.030343,
    "USDCLP": 837.250396,
    "USDCNY": 6.501704,
    "USDCOP": 3841,
    "USDCRC": 657.207934,
    "USDCUC": 1,
    "USDCUP": 26.5,
    "USDCVE": 101.670394,
    "USDCZK": 22.53935,
    "USDDJF": 177.720394,
    "USDDKK": 6.88904,
    "USDDOP": 55.150393,
    "USDDZD": 144.005117,
    "USDEGP": 18.594195,
    "USDERN": 15.000002,
    "USDETB": 51.303876,
    "USDEUR": 0.92598,
    "USDFJD": 2.14504,
    "USDFKP": 0.768642,
    "USDGBP": 0.778847,
    "USDGEL": 3.03504,
    "USDGGP": 0.768642,
    "USDGHS": 7.52504,
    "USDGIP": 0.768642,
    "USDGMD": 53.87504,
    "USDGNF": 8870.000355,
    "USDGTQ": 7.655397,
    "USDGYD": 209.086793,
    "USDHKD": 7.846635,
    "USDHNL": 24.45504,
    "USDHRK": 7.00704,
    "USDHTG": 108.935254,
    "USDHUF": 344.34904,
    "USDIDR": 14470,
    "USDILS": 3.26879,
    "USDIMP": 0.768642,
    "USDINR": 76.463704,
    "USDIQD": 1460,
    "USDIRR": 42350.000352,
    "USDISK": 128.910386,
    "USDJEP": 0.768642,
    "USDJMD": 154.797963,
    "USDJOD": 0.70904,
    "USDJPY": 128.47104,
    "USDKES": 115.703804,
    "USDKGS": 80.865104,
    "USDKHR": 4040.000351,
    "USDKMF": 456.403796,
    "USDKPW": 900.000119,
    "USDKRW": 1243.930384,
    "USDKWD": 0.305604,
    "USDKYD": 0.832817,
    "USDKZT": 443.777114,
    "USDLAK": 12000.000349,
    "USDLBP": 1514.09918,
    "USDLKR": 334.800458,
    "USDLRD": 151.825039,
    "USDLSL": 15.640382,
    "USDLTL": 2.95274,
    "USDLVL": 0.60489,
    "USDLYD": 4.710381,
    "USDMAD": 9.851039,
    "USDMDL": 18.44861,
    "USDMGA": 4000.000347,
    "USDMKD": 56.932054,
    "USDMMK": 1850.396589,
    "USDMNT": 2994.863198,
    "USDMOP": 8.076657,
    "USDMRO": 356.999828,
    "USDMUR": 42.9325,
    "USDMVR": 15.450378,
    "USDMWK": 816.000345,
    "USDMXN": 20.247039,
    "USDMYR": 4.325039,
    "USDMZN": 63.830377,
    "USDNAD": 15.640377,
    "USDNGN": 415.580377,
    "USDNIO": 35.770377,
    "USDNOK": 8.96143,
    "USDNPR": 122.08865,
    "USDNZD": 1.506847,
    "USDOMR": 0.385289,
    "USDPAB": 0.999418,
    "USDPEN": 3.767504,
    "USDPGK": 3.510375,
    "USDPHP": 52.540375,
    "USDPKR": 187.750375,
    "USDPLN": 4.310144,
    "USDPYG": 6821.840089,
    "USDQAR": 3.641038,
    "USDRON": 4.577804,
    "USDRSD": 109.093606,
    "USDRUB": 77.375038,
    "USDRWF": 1022.5,
    "USDSAR": 3.750355,
    "USDSBD": 8.016064,
    "USDSCR": 14.426099,
    "USDSDG": 447.503678,
    "USDSEK": 9.582715,
    "USDSGD": 1.37109,
    "USDSHP": 1.377404,
    "USDSLL": 12440.000339,
    "USDSOS": 576.000338,
    "USDSRD": 20.733504,
    "USDSTD": 20697.981008,
    "USDSVC": 8.744785,
    "USDSYP": 2512.449491,
    "USDSZL": 15.64037,
    "USDTHB": 33.907038,
    "USDTJS": 12.49724,
    "USDTMT": 3.5,
    "USDTND": 3.011504,
    "USDTOP": 2.275104,
    "USDTRY": 14.742704,
    "USDTTD": 6.783401,
    "USDTWD": 29.308504,
    "USDTZS": 2322.000336,
    "USDUAH": 29.3818,
    "USDUGX": 3520.796855,
    "USDUSD": 1,
    "USDUYU": 40.790775,
    "USDUZS": 11275.000335,
    "USDVEF": 213830222338.07285,
    "USDVND": 22967.5,
    "USDVUV": 112.581651,
    "USDWST": 2.585442,
    "USDXAF": 606.116075,
    "USDXAG": 0.041391,
    "USDXAU": 0.000518,
    "USDXCD": 2.70255,
    "USDXDR": 0.73136,
    "USDXOF": 606.503602,
    "USDXPF": 111.000332,
    "USDYER": 250.250364,
    "USDZAR": 15.515585,
    "USDZMK": 9001.203593,
    "USDZMW": 16.814614,
    "USDZWL": 321.999592
  }
}